"","gene1","gene2","pValue","oddsRatio","00","01","11","10","pAdj","Event","pair","event_ratio"
"1","EGFR","KRAS",2.37796972293713e-10,0,128,33,0,141,5.50455954383597e-09,"Mutually_Exclusive","EGFR, KRAS","0/174"
"2","ZFHX4","ANK2",1.895185114932e-08,12.8603763505198,251,12,15,24,4.08445067873278e-07,"Co_Occurence","ANK2, ZFHX4","15/36"
"3","XIRP2","ZFHX4",1.31055513071194e-07,10.1894768274228,248,24,15,15,2.64224824740312e-06,"Co_Occurence","XIRP2, ZFHX4","15/39"
"4","CTNND2","RYR2",1.98840171740523e-07,10.2571157170668,244,32,15,11,3.76591234357051e-06,"Co_Occurence","CTNND2, RYR2","15/43"
"5","CSMD1","RYR2",2.24849974134508e-07,11.4326960627882,246,33,14,9,4.0151781095448e-06,"Co_Occurence","CSMD1, RYR2","14/42"
"6","RYR2","ANK2",3.99165971610943e-07,9.37185714797705,243,12,15,32,6.74266843937405e-06,"Co_Occurence","ANK2, RYR2","15/44"
"7","ZFHX4","RYR2",7.70602049473125e-07,6.84799543504572,234,29,18,21,1.23493918184796e-05,"Co_Occurence","RYR2, ZFHX4","18/50"
"8","FAT3","ZFHX4",1.24048223460323e-06,9.48633503677967,250,26,13,13,1.89097901616347e-05,"Co_Occurence","FAT3, ZFHX4","13/39"
"9","KRAS","RYR2",1.7617585721206e-06,7.15117837598199,238,31,16,17,2.45299788736127e-05,"Co_Occurence","KRAS, RYR2","16/48"
"10","ANK2","TTN",1.76615847890012e-06,7.57712313721087,225,50,17,10,2.45299788736127e-05,"Co_Occurence","ANK2, TTN","17/60"
"11","RYR2","XIRP2",2.52460809670219e-06,7.42001828024062,240,15,15,32,3.25292257090274e-05,"Co_Occurence","RYR2, XIRP2","15/47"
"12","MUC16","ANK2",2.55029129558775e-06,8.08401463852297,243,13,14,32,3.25292257090274e-05,"Co_Occurence","ANK2, MUC16","14/45"
"13","CTNND2","PCLO",2.75560053726799e-06,10.3499439389002,258,18,11,15,3.37696144273039e-05,"Co_Occurence","CTNND2, PCLO","11/33"
"14","ANK2","PCLO",4.37531562329219e-06,9.67322082463615,257,18,11,16,5.1595703104861e-05,"Co_Occurence","ANK2, PCLO","11/34"
"15","FAT3","TP53",5.46497005263695e-06,7.43561695050291,191,85,20,6,6.2101932416329e-05,"Co_Occurence","FAT3, TP53","20/91"
"16","CSMD3","CTNND2",7.92663140629288e-06,8.14141610863357,250,14,12,26,8.39685530327639e-05,"Co_Occurence","CSMD3, CTNND2","12/40"
"17","CSMD3","MUC17",7.92663140629288e-06,8.14141610863357,250,14,12,26,8.39685530327639e-05,"Co_Occurence","CSMD3, MUC17","12/40"
"18","MUC17","ZFHX4",1.08982532603772e-05,7.813354420036,249,27,12,14,0.000111662430946488,"Co_Occurence","MUC17, ZFHX4","12/41"
"19","KRAS","USH2A",1.19285789214965e-05,6.1149350145488,237,32,15,18,0.000114962333070303,"Co_Occurence","KRAS, USH2A","15/50"
"20","FAT3","ANK2",1.23239621051365e-05,9.38395624718786,259,17,10,16,0.000114962333070303,"Co_Occurence","ANK2, FAT3","10/33"
"21","CTNND2","SPTA1",1.23239621051365e-05,9.38395624718786,259,17,10,16,0.000114962333070303,"Co_Occurence","CTNND2, SPTA1","10/33"
"22","CSMD3","MUC16",1.36042454741753e-05,5.62426487454833,234,30,16,22,0.000123226861179124,"Co_Occurence","CSMD3, MUC16","16/52"
"23","RYR2","FAT3",1.47699669657707e-05,7.04557286604688,242,13,13,34,0.000127123861305923,"Co_Occurence","FAT3, RYR2","13/47"
"24","NEB","CTNND2",1.49938223547056e-05,10.5363691986822,263,17,9,13,0.000127123861305923,"Co_Occurence","CTNND2, NEB","9/30"
"25","XIRP2","PCLO",1.52548633567108e-05,8.06695234185627,254,18,11,19,0.000127123861305923,"Co_Occurence","PCLO, XIRP2","11/37"
"26","ZNF536","RYR2",1.96789356115372e-05,7.5226757511365,244,35,12,11,0.000159658195443154,"Co_Occurence","RYR2, ZNF536","12/46"
"27","SI","TTN",2.01807959040146e-05,6.43519399444567,225,52,15,10,0.000159658195443154,"Co_Occurence","SI, TTN","15/62"
"28","PRDM9","CTNND2",2.33035775190238e-05,9.75603328025252,262,17,9,14,0.000179811554930739,"Co_Occurence","CTNND2, PRDM9","9/31"
"29","SPTA1","RYR2",2.5269395653097e-05,6.51875490220852,241,34,13,14,0.000189362904788129,"Co_Occurence","RYR2, SPTA1","13/48"
"30","FLG","TP53",2.57533550511854e-05,4.78967069323518,185,80,25,12,0.000189362904788129,"Co_Occurence","FLG, TP53","25/92"
"31","CSMD1","KRAS",2.65459897190778e-05,8.44976200888349,256,23,10,13,0.000190703949131306,"Co_Occurence","CSMD1, KRAS","10/36"
"32","FLG","ZFHX4",2.78808829215987e-05,5.79161286691099,240,25,14,23,0.000195792717146059,"Co_Occurence","FLG, ZFHX4","14/48"
"33","SPTA1","PRDM9",3.33830027646321e-05,9.18603794476803,261,14,9,18,0.000229278865141705,"Co_Occurence","PRDM9, SPTA1","9/32"
"34","TTN","TP53",3.66253667051712e-05,3.27125060764406,168,67,38,29,0.00023846001232768,"Co_Occurence","TP53, TTN","38/96"
"35","CTNND2","XIRP2",3.73588601367835e-05,7.8994706184129,256,20,10,16,0.00023846001232768,"Co_Occurence","CTNND2, XIRP2","10/36"
"36","FAT3","XIRP2",3.73588601367835e-05,7.8994706184129,256,20,10,16,0.00023846001232768,"Co_Occurence","FAT3, XIRP2","10/36"
"37","TTN","RYR2",3.77720659527045e-05,4.08218602428947,210,25,22,45,0.00023846001232768,"Co_Occurence","RYR2, TTN","22/70"
"38","FAT3","TTN",3.94057609626387e-05,5.82736286460788,224,52,15,11,0.000239112627200478,"Co_Occurence","FAT3, TTN","15/63"
"39","MUC17","TTN",3.94057609626387e-05,5.82736286460788,224,52,15,11,0.000239112627200478,"Co_Occurence","MUC17, TTN","15/63"
"40","ZFHX4","CSMD3",4.03259523776907e-05,5.528334569637,239,24,14,25,0.000240035430819589,"Co_Occurence","CSMD3, ZFHX4","14/49"
"41","CTNND2","TP53",4.39662902364284e-05,5.95714607293813,190,86,19,7,0.000256812442969793,"Co_Occurence","CTNND2, TP53","19/93"
"42","FLG","FAT3",4.5087544697368e-05,6.97321397648392,250,15,11,26,0.000258529499411514,"Co_Occurence","FAT3, FLG","11/41"
"43","CSMD3","XIRP2",4.95026914010882e-05,6.24534764014809,246,18,12,26,0.00027373518008657,"Co_Occurence","CSMD3, XIRP2","12/44"
"44","SI","ZFHX4",5.05375662068229e-05,6.91170122286805,249,28,11,14,0.00027373518008657,"Co_Occurence","SI, ZFHX4","11/42"
"45","NEB","FLG",5.17611731293275e-05,7.71683412688309,253,27,10,12,0.00027373518008657,"Co_Occurence","FLG, NEB","10/39"
"46","SI","CTNND2",5.21191782884829e-05,8.48566516227599,260,17,9,16,0.00027373518008657,"Co_Occurence","CTNND2, SI","9/33"
"47","SI","MUC17",5.21191782884829e-05,8.48566516227599,260,17,9,16,0.00027373518008657,"Co_Occurence","MUC17, SI","9/33"
"48","XIRP2","SPTA1",5.54863556186504e-05,7.41057868102511,255,17,10,20,0.000286603076542617,"Co_Occurence","SPTA1, XIRP2","10/37"
"49","XIRP2","TP53",6.03185904741337e-05,5.19062185273485,188,84,21,9,0.000306496902815721,"Co_Occurence","TP53, XIRP2","21/93"
"50","PCLO","RYR2",6.72193439239144e-05,5.66153283915447,239,34,13,16,0.000336096719619573,"Co_Occurence","PCLO, RYR2","13/50"
"51","LRP1B","RYR2",6.95729909502544e-05,5.22676449853262,236,33,14,19,0.000342386766487473,"Co_Occurence","LRP1B, RYR2","14/52"
"52","TTN","SPTA1",7.32119797130694e-05,5.32053499718296,223,12,15,52,0.000353824937459934,"Co_Occurence","SPTA1, TTN","15/64"
"53","SI","SPTA1",7.41657280540569e-05,7.9887783680268,259,18,9,16,0.000353824937459934,"Co_Occurence","SI, SPTA1","9/34"
"54","MUC17","FAT3",7.53783117001144e-05,7.96147961145113,259,17,9,17,0.000353824937459934,"Co_Occurence","FAT3, MUC17","9/34"
"55","MUC16","FAT3",7.64261864913455e-05,6.04416382933938,242,14,12,34,0.000353824937459934,"Co_Occurence","FAT3, MUC16","12/48"
"56","CTNND2","ZFHX4",7.9606395700883e-05,6.42915566861103,248,28,11,15,0.000360306099279627,"Co_Occurence","CTNND2, ZFHX4","11/43"
"57","CSMD3","TTN",8.01320764797891e-05,4.47075252395001,216,48,19,19,0.000360306099279627,"Co_Occurence","CSMD3, TTN","19/67"
"58","MUC16","TP53",9.20436351687849e-05,3.59901098401908,179,77,28,18,0.000407994836741068,"Co_Occurence","MUC16, TP53","28/95"
"59","MUC17","RYR2",9.75654617572577e-05,5.84889308343564,241,35,12,14,0.000421696201449594,"Co_Occurence","MUC17, RYR2","12/49"
"60","CTNND2","LRP1B",9.78335187363055e-05,6.80009948126453,253,23,10,16,0.000421696201449594,"Co_Occurence","CTNND2, LRP1B","10/39"
"61","FAT3","SPTA1",0.000106905486497603,7.49488278680725,258,18,9,17,0.000454530129666679,"Co_Occurence","FAT3, SPTA1","9/35"
"62","MUC16","CSMD1",0.000109782923407301,6.32769727703824,244,12,11,35,0.000460498839795725,"Co_Occurence","CSMD1, MUC16","11/47"
"63","USH2A","EGFR",0.000119230800837315,0.256905839346428,124,131,10,37,0.000493504970353124,"Mutually_Exclusive","EGFR, USH2A","10/168"
"64","KRAS","NEB",0.000136916746387322,7.2974377409326,256,13,9,24,0.000558289320697915,"Co_Occurence","KRAS, NEB","9/37"
"65","LRP1B","TP53",0.000140002579810029,4.45717614141723,186,83,22,11,0.000558289320697915,"Co_Occurence","LRP1B, TP53","22/94"
"66","SI","PCLO",0.00014256914446084,7.14297535933674,257,20,9,16,0.000558289320697915,"Co_Occurence","PCLO, SI","9/36"
"67","LRP1B","ANK2",0.000143815329011782,6.37707431641569,252,17,10,23,0.000558289320697915,"Co_Occurence","ANK2, LRP1B","10/40"
"68","LRP1B","SPTA1",0.000143815329011782,6.37707431641569,252,17,10,23,0.000558289320697915,"Co_Occurence","LRP1B, SPTA1","10/40"
"69","SPTA1","ANK2",0.000151112068550603,7.05549271772062,257,18,9,18,0.000574621016439405,"Co_Occurence","ANK2, SPTA1","9/36"
"70","SI","PRDM9",0.000151699948340003,8.10935107386559,262,15,8,17,0.000574621016439405,"Co_Occurence","PRDM9, SI","8/32"
"71","ANK2","USH2A",0.000155402314640586,5.43914164182184,240,35,12,15,0.000574712702073173,"Co_Occurence","ANK2, USH2A","12/50"
"72","SPTA1","USH2A",0.000155402314640586,5.43914164182184,240,35,12,15,0.000574712702073173,"Co_Occurence","SPTA1, USH2A","12/50"
"73","PRDM9","TTN",0.000197157906754504,5.37592939613499,225,54,13,10,0.000720606384336638,"Co_Occurence","PRDM9, TTN","13/64"
"74","ZNF536","KRAS",0.00020786937567405,6.75329840083949,255,24,9,14,0.000720873625822568,"Co_Occurence","KRAS, ZNF536","9/38"
"75","CSMD1","LRP1B",0.00020786937567405,6.75329840083949,255,24,9,14,0.000720873625822568,"Co_Occurence","CSMD1, LRP1B","9/38"
"76","ZNF536","LRP1B",0.00020786937567405,6.75329840083949,255,24,9,14,0.000720873625822568,"Co_Occurence","LRP1B, ZNF536","9/38"
"77","CSMD1","CTNND2",0.000208765002038216,7.63459814030728,261,18,8,15,0.000720873625822568,"Co_Occurence","CSMD1, CTNND2","8/33"
"78","ZNF536","CTNND2",0.000208765002038216,7.63459814030728,261,18,8,15,0.000720873625822568,"Co_Occurence","CTNND2, ZNF536","8/33"
"79","TP53","ZFHX4",0.000274032778345072,3.57821710104768,182,15,24,81,0.000931101160853894,"Co_Occurence","TP53, ZFHX4","24/96"
"80","MUC17","XIRP2",0.000275605943612753,6.36104189097155,255,21,9,17,0.000931101160853894,"Co_Occurence","MUC17, XIRP2","9/38"
"81","SPTA1","PCLO",0.000286611923012457,6.30797084916628,255,20,9,18,0.000957927550175328,"Co_Occurence","PCLO, SPTA1","9/38"
"82","NEB","PCLO",0.000345874221317898,6.96502108278942,259,21,8,14,0.00114376395938458,"Co_Occurence","NEB, PCLO","8/35"
"83","CSMD3","FAT3",0.000379984300472839,5.48583350589402,248,16,10,28,0.0012434041245839,"Co_Occurence","CSMD3, FAT3","10/44"
"84","MUC16","TTN",0.000407314827852658,3.40336352740886,209,47,20,26,0.0013190247015954,"Co_Occurence","MUC16, TTN","20/73"
"85","CSMD3","RYR2",0.000451050400596104,4.05722490312449,231,33,14,24,0.00143099746382013,"Co_Occurence","CSMD3, RYR2","14/57"
"86","CSMD3","USH2A",0.000451050400596104,4.05722490312449,231,33,14,24,0.00143099746382013,"Co_Occurence","CSMD3, USH2A","14/57"
"87","CSMD1","NEB",0.000470270387461507,7.59967312336141,264,15,7,16,0.0014769798601178,"Co_Occurence","CSMD1, NEB","7/31"
"88","CSMD1","PCLO",0.000495654255357683,6.48036887504384,258,21,8,15,0.00152602911132292,"Co_Occurence","CSMD1, PCLO","8/36"
"89","PRDM9","PCLO",0.000495654255357683,6.48036887504384,258,21,8,15,0.00152602911132292,"Co_Occurence","PCLO, PRDM9","8/36"
"90","NEB","RYR2",0.000506809869500971,5.42620111948077,243,37,10,12,0.0015451520411615,"Co_Occurence","NEB, RYR2","10/49"
"91","USH2A","XIRP2",0.000534831776461647,4.48201240601799,237,18,12,35,0.00157384972390792,"Co_Occurence","USH2A, XIRP2","12/53"
"92","FAT3","USH2A",0.000540981333862776,4.85108734442991,240,36,11,15,0.00157384972390792,"Co_Occurence","FAT3, USH2A","11/51"
"93","MUC17","USH2A",0.000540981333862776,4.85108734442991,240,36,11,15,0.00157384972390792,"Co_Occurence","MUC17, USH2A","11/51"
"94","CSMD3","ANK2",0.000548994886278032,5.14491188868725,247,17,10,28,0.00157384972390792,"Co_Occurence","ANK2, CSMD3","10/45"
"95","CSMD3","SPTA1",0.000548994886278032,5.14491188868725,247,17,10,28,0.00157384972390792,"Co_Occurence","CSMD3, SPTA1","10/45"
"96","FLG","TTN",0.000550847202658682,3.6351573594097,215,50,17,20,0.00157384972390792,"Co_Occurence","FLG, TTN","17/70"
"97","SI","ANK2",0.000551476943257333,6.32093754962254,258,19,8,17,0.00157384972390792,"Co_Occurence","ANK2, SI","8/36"
"98","NEB","TTN",0.000577826454461891,4.8747132930759,225,55,12,10,0.00162091832511854,"Co_Occurence","NEB, TTN","12/65"
"99","NEB","ZFHX4",0.000578343658402294,5.71568252670393,250,30,9,13,0.00162091832511854,"Co_Occurence","NEB, ZFHX4","9/43"
"100","KRAS","FLG",0.000603597278840728,4.6373253652077,243,26,11,22,0.00167665910789091,"Co_Occurence","FLG, KRAS","11/48"
"101","USH2A","RYR2",0.000617334444539412,3.70810074682518,224,31,16,31,0.00169970937373186,"Co_Occurence","RYR2, USH2A","16/62"
"102","CTNND2","KRAS",0.000626624336904297,5.50703819962571,252,24,9,17,0.00171021926010998,"Co_Occurence","CTNND2, KRAS","9/41"
"103","SPTA1","MUC16",0.000653783706507565,4.67885871634837,240,35,11,16,0.00176889530981484,"Co_Occurence","MUC16, SPTA1","11/51"
"104","ZFHX4","SPTA1",0.000696216881671821,4.94900440422048,246,17,10,29,0.00186753455384072,"Co_Occurence","SPTA1, ZFHX4","10/46"
"105","PCLO","EGFR",0.000734079822546249,0.210840578796379,137,136,5,24,0.00195233995358045,"Mutually_Exclusive","EGFR, PCLO","5/160"
"106","EGFR","CTNND2",0.000764609317481486,0.185362278881047,139,22,4,137,0.00201637478238789,"Mutually_Exclusive","CTNND2, EGFR","4/159"
"107","AHNAK2","ZNF536",0.000863015842688228,6.66421825854485,262,16,7,17,0.00223258446720821,"Co_Occurence","AHNAK2, ZNF536","7/33"
"108","TTN","USH2A",0.000866587163490495,3.26233480826234,208,27,20,47,0.00223258446720821,"Co_Occurence","TTN, USH2A","20/74"
"109","ANK2","KRAS",0.000868028840850551,5.18337686405216,251,24,9,18,0.00223258446720821,"Co_Occurence","ANK2, KRAS","9/42"
"110","AHNAK2","XIRP2",0.000899230180087507,5.7605000777722,256,22,8,16,0.00229395454103956,"Co_Occurence","AHNAK2, XIRP2","8/38"
"111","LRP1B","KRAS",0.000988047937096593,4.61428067618544,246,23,10,23,0.00250012129832134,"Co_Occurence","KRAS, LRP1B","10/46"
"112","PCLO","CSMD3",0.0010779699822594,4.57020553666991,245,28,10,19,0.00270480639809004,"Co_Occurence","CSMD3, PCLO","10/47"
"113","FAT3","NEB",0.00109490562994685,6.33944209474037,261,15,7,19,0.00270480639809004,"Co_Occurence","FAT3, NEB","7/34"
"114","MUC17","NEB",0.00109490562994685,6.33944209474037,261,15,7,19,0.00270480639809004,"Co_Occurence","MUC17, NEB","7/34"
"115","XIRP2","FLG",0.00116050461633558,4.50292219288811,245,27,10,20,0.00284437405964602,"Co_Occurence","FLG, XIRP2","10/47"
"116","AHNAK2","USH2A",0.00119605684055338,4.61794067925551,241,37,10,14,0.0029086985422018,"Co_Occurence","AHNAK2, USH2A","10/51"
"117","XIRP2","SI",0.00123150988867805,5.40312529300066,255,17,8,22,0.0029671871688971,"Co_Occurence","SI, XIRP2","8/39"
"118","AHNAK2","ZFHX4",0.0012463156092703,4.91925750132968,248,30,9,15,0.0029671871688971,"Co_Occurence","AHNAK2, ZFHX4","9/45"
"119","AHNAK2","TP53",0.0012485923606719,4.224905429695,189,89,16,8,0.0029671871688971,"Co_Occurence","AHNAK2, TP53","16/97"
"120","FLG","USH2A",0.00133204294307181,3.65877418303722,231,34,13,24,0.00312106577287699,"Co_Occurence","FLG, USH2A","13/58"
"121","SI","EGFR",0.00133331929817305,0.195562882171958,140,137,4,21,0.00312106577287699,"Mutually_Exclusive","EGFR, SI","4/158"
"122","ANK2","NEB",0.0014095497659434,6.00180690146332,260,15,7,20,0.00327497622198745,"Co_Occurence","ANK2, NEB","7/35"
"123","PCLO","TTN",0.00142462282491989,3.85188919793027,220,53,14,15,0.00328556924566395,"Co_Occurence","PCLO, TTN","14/68"
"124","ZFHX4","TTN",0.0014727198738725,3.27569808060176,213,50,17,22,0.0033716114328583,"Co_Occurence","TTN, ZFHX4","17/72"
"125","KRAS","PCLO",0.00158109624818063,4.63191814345021,249,20,9,24,0.00356745543362056,"Co_Occurence","KRAS, PCLO","9/44"
"126","LRP1B","PCLO",0.00158109624818063,4.63191814345021,249,20,9,24,0.00356745543362056,"Co_Occurence","LRP1B, PCLO","9/44"
"127","PCLO","USH2A",0.00166636960871061,3.99731688287753,237,36,11,18,0.00373290682954888,"Co_Occurence","PCLO, USH2A","11/54"
"128","SI","USH2A",0.00175783986022303,4.29433107905088,240,37,10,15,0.00390978616597648,"Co_Occurence","SI, USH2A","10/52"
"129","TTN","XIRP2",0.00183657430490605,3.59601341652517,219,16,14,53,0.00405603865924481,"Co_Occurence","TTN, XIRP2","14/69"
"130","SPTA1","CSMD1",0.0019025858897594,5.60941413193366,259,16,7,20,0.00414326195505098,"Co_Occurence","CSMD1, SPTA1","7/36"
"131","ANK2","ZNF536",0.0019025858897594,5.60941413193366,259,16,7,20,0.00414326195505098,"Co_Occurence","ANK2, ZNF536","7/36"
"132","MUC16","CTNND2",0.00209765407636087,4.13869411273079,240,16,10,36,0.00453644912707801,"Co_Occurence","CTNND2, MUC16","10/52"
"133","ANK2","FLG",0.00219684809787866,4.37812578922737,247,28,9,18,0.00471831636142326,"Co_Occurence","ANK2, FLG","9/46"
"134","RYR2","TP53",0.00237885516542994,2.74815763136652,176,79,26,21,0.00504363228174809,"Co_Occurence","RYR2, TP53","26/100"
"135","FLG","CSMD3",0.0023830591389702,3.70686618333946,238,27,11,26,0.00504363228174809,"Co_Occurence","CSMD3, FLG","11/53"
"136","ANK2","TP53",0.00239673406028669,3.59554449638538,187,88,17,10,0.00504363228174809,"Co_Occurence","ANK2, TP53","17/98"
"137","TP53","PRDM9",0.00244355017610621,3.9175619030782,189,8,15,90,0.00507381681085178,"Co_Occurence","PRDM9, TP53","15/98"
"138","TP53","ZNF536",0.00244355017610621,3.9175619030782,189,8,15,90,0.00507381681085178,"Co_Occurence","TP53, ZNF536","15/98"
"139","SI","LRP1B",0.00247169753014275,4.7049976530935,252,25,8,17,0.00509838599451889,"Co_Occurence","LRP1B, SI","8/42"
"140","CTNND2","USH2A",0.00251837643919819,4.0110039769178,239,37,10,16,0.00516060745737335,"Co_Occurence","CTNND2, USH2A","10/53"
"141","FAT3","SI",0.00257857642510829,5.23207778491108,258,18,7,19,0.00524954483938985,"Co_Occurence","FAT3, SI","7/37"
"142","NEB","USH2A",0.00260111448837931,4.37760542635161,242,38,9,13,0.0052611539004436,"Co_Occurence","NEB, USH2A","9/51"
"143","LRP1B","EGFR",0.00262981247785118,0.272307402092025,135,134,7,26,0.00528499292172665,"Mutually_Exclusive","EGFR, LRP1B","7/160"
"144","PCLO","ZNF536",0.003020639261017,5.06550394444463,257,16,7,22,0.00603162791736623,"Co_Occurence","PCLO, ZNF536","7/38"
"145","ZFHX4","USH2A",0.00320144529546532,3.34975703133551,229,34,13,26,0.00635207399893914,"Co_Occurence","USH2A, ZFHX4","13/60"
"146","FAT3","CTNND2",0.00332270642680618,4.93944475417414,257,19,7,19,0.0065100047547143,"Co_Occurence","CTNND2, FAT3","7/38"
"147","MUC17","CTNND2",0.00332270642680618,4.93944475417414,257,19,7,19,0.0065100047547143,"Co_Occurence","CTNND2, MUC17","7/38"
"148","CSMD3","CSMD1",0.0036213546374078,4.39364152775934,249,15,8,30,0.00705092413825509,"Co_Occurence","CSMD1, CSMD3","8/45"
"149","XIRP2","PRDM9",0.0037440742068971,4.82809114962878,256,16,7,23,0.00710864006641709,"Co_Occurence","PRDM9, XIRP2","7/39"
"150","XIRP2","ZNF536",0.0037440742068971,4.82809114962878,256,16,7,23,0.00710864006641709,"Co_Occurence","XIRP2, ZNF536","7/39"
"151","RYR2","PRDM9",0.00376473577917448,4.05025030359831,241,14,9,38,0.00710864006641709,"Co_Occurence","PRDM9, RYR2","9/52"
"152","USH2A","PRDM9",0.00376473577917448,4.05025030359831,241,14,9,38,0.00710864006641709,"Co_Occurence","PRDM9, USH2A","9/52"
"153","USH2A","ZNF536",0.00376473577917448,4.05025030359831,241,14,9,38,0.00710864006641709,"Co_Occurence","USH2A, ZNF536","9/52"
"154","CSMD1","EGFR",0.00394619830438944,0.219180475269428,142,137,4,19,0.00740652834907927,"Mutually_Exclusive","CSMD1, EGFR","4/156"
"155","NEB","AHNAK2",0.00420654417699173,5.40469539362736,262,18,6,16,0.00770962628862267,"Co_Occurence","AHNAK2, NEB","6/34"
"156","KRAS","ZFHX4",0.00422109735381744,3.57714841198603,240,29,10,23,0.00770962628862267,"Co_Occurence","KRAS, ZFHX4","10/52"
"157","ANK2","CTNND2",0.00422348118610789,4.67669699828327,256,19,7,20,0.00770962628862267,"Co_Occurence","ANK2, CTNND2","7/39"
"158","ANK2","MUC17",0.00422348118610789,4.67669699828327,256,19,7,20,0.00770962628862267,"Co_Occurence","ANK2, MUC17","7/39"
"159","ZNF536","CSMD1",0.00425571371131971,5.38604275759648,262,17,6,17,0.00770962628862267,"Co_Occurence","CSMD1, ZNF536","6/34"
"160","PRDM9","MUC4",0.00425571371131971,5.38604275759648,262,17,6,17,0.00770962628862267,"Co_Occurence","MUC4, PRDM9","6/34"
"161","PRDM9","ZFHX4",0.00433386634584908,4.23612152535095,248,31,8,15,0.00776122196606211,"Co_Occurence","PRDM9, ZFHX4","8/46"
"162","ZNF536","ZFHX4",0.00433386634584908,4.23612152535095,248,31,8,15,0.00776122196606211,"Co_Occurence","ZFHX4, ZNF536","8/46"
"163","NEB","TP53",0.00474953688983753,3.61763578660142,189,91,14,8,0.00845715258161953,"Co_Occurence","NEB, TP53","14/99"
"164","CTNND2","TTN",0.00499233598973282,3.42631118463691,221,55,12,14,0.00883912179485273,"Co_Occurence","CTNND2, TTN","12/69"
"165","NEB","SI",0.00526999128067023,5.10345375222567,261,19,6,16,0.00927815366315183,"Co_Occurence","NEB, SI","6/35"
"166","PRDM9","AHNAK2",0.00538661300086354,5.0700742423142,261,18,6,17,0.00943034488946702,"Co_Occurence","AHNAK2, PRDM9","6/35"
"167","PCLO","MUC16",0.00547152986654223,3.44548080054991,237,36,10,19,0.00950560400767263,"Co_Occurence","MUC16, PCLO","10/55"
"168","SI","FLG",0.00549043687483169,3.99706830013157,248,29,8,17,0.00950560400767263,"Co_Occurence","FLG, SI","8/46"
"169","PCLO","ZFHX4",0.00579184569910214,3.6232042707277,243,30,9,20,0.00997218612104365,"Co_Occurence","PCLO, ZFHX4","9/50"
"170","FLG","RYR2",0.00602509524155781,3.13856479288055,230,35,12,25,0.0103169439067771,"Co_Occurence","FLG, RYR2","12/60"
"171","CSMD3","TP53",0.00612168943895483,2.63776905382191,180,84,21,17,0.0104252204341874,"Co_Occurence","CSMD3, TP53","21/101"
"172","RYR2","EGFR",0.00638393325365198,0.380534941317682,127,128,13,34,0.0107579004316444,"Mutually_Exclusive","EGFR, RYR2","13/162"
"173","TTN","KRAS",0.00642031497760538,2.98938331312118,216,19,14,53,0.0107579004316444,"Co_Occurence","KRAS, TTN","14/72"
"174","TTN","LRP1B",0.00642031497760538,2.98938331312118,216,19,14,53,0.0107579004316444,"Co_Occurence","LRP1B, TTN","14/72"
"175","EGFR","NEB",0.0066877826237495,0.232954342035311,143,18,4,137,0.0111463043729159,"Mutually_Exclusive","EGFR, NEB","4/155"
"176","CTNND2","FLG",0.00721617109873115,3.76147793884847,247,29,8,18,0.0119000183026569,"Co_Occurence","CTNND2, FLG","8/47"
"177","MUC17","FLG",0.00721617109873115,3.76147793884847,247,29,8,18,0.0119000183026569,"Co_Occurence","FLG, MUC17","8/47"
"178","SI","RYR2",0.00730175123854194,3.51746765976764,239,38,9,16,0.0119779383834349,"Co_Occurence","RYR2, SI","9/54"
"179","MUC16","ZFHX4",0.00745558080397472,2.97940353277805,229,27,12,34,0.0121664177610554,"Co_Occurence","MUC16, ZFHX4","12/61"
"180","MUC16","LRP1B",0.00772000264922302,3.32493760565287,234,22,11,35,0.0125324718331543,"Co_Occurence","LRP1B, MUC16","11/57"
"181","PRDM9","FAT3",0.00830131397161559,4.53311153759101,259,20,6,17,0.0132018351965897,"Co_Occurence","FAT3, PRDM9","6/37"
"182","MUC4","MUC17",0.00830131397161559,4.53311153759101,259,20,6,17,0.0132018351965897,"Co_Occurence","MUC17, MUC4","6/37"
"183","PRDM9","MUC17",0.00830131397161559,4.53311153759101,259,20,6,17,0.0132018351965897,"Co_Occurence","MUC17, PRDM9","6/37"
"184","ZNF536","MUC17",0.00830131397161559,4.53311153759101,259,20,6,17,0.0132018351965897,"Co_Occurence","MUC17, ZNF536","6/37"
"185","XIRP2","KRAS",0.00889945228480088,3.57116849641439,247,25,8,22,0.0140814118430394,"Co_Occurence","KRAS, XIRP2","8/47"
"186","NEB","MUC16",0.009533326433542,3.61736322117256,242,38,8,14,0.0150083854432336,"Co_Occurence","MUC16, NEB","8/52"
"187","SPTA1","TP53",0.00968158666001071,3.02760925535533,186,89,16,11,0.0151653926378614,"Co_Occurence","SPTA1, TP53","16/100"
"188","ANK2","CSMD1",0.0101295219950031,4.30254641328324,258,17,6,21,0.0156428120435809,"Co_Occurence","ANK2, CSMD1","6/38"
"189","ANK2","PRDM9",0.0101295219950031,4.30254641328324,258,17,6,21,0.0156428120435809,"Co_Occurence","ANK2, PRDM9","6/38"
"190","ANK2","XIRP2",0.0101365422042404,3.80946841474377,252,23,7,20,0.0156428120435809,"Co_Occurence","ANK2, XIRP2","7/43"
"191","LRP1B","FLG",0.0103018066715792,3.2103605964514,241,28,9,24,0.0158197276897715,"Co_Occurence","FLG, LRP1B","9/52"
"192","MUC17","AHNAK2",0.0104112888229803,4.26694322719319,258,18,6,20,0.0159096711842609,"Co_Occurence","AHNAK2, MUC17","6/38"
"193","CSMD3","NEB",0.0117997498995161,3.72478668099153,249,15,7,31,0.0179436586063202,"Co_Occurence","CSMD3, NEB","7/46"
"194","MUC16","XIRP2",0.0125756166627882,3.26044638772894,236,20,10,36,0.0190308968867861,"Co_Occurence","MUC16, XIRP2","10/56"
"195","FLG","CSMD1",0.0132121372391894,3.60887669950386,249,16,7,30,0.0198023639676101,"Co_Occurence","CSMD1, FLG","7/46"
"196","FLG","PRDM9",0.0132121372391894,3.60887669950386,249,16,7,30,0.0198023639676101,"Co_Occurence","FLG, PRDM9","7/46"
"197","NEB","XIRP2",0.0138092560626201,3.97187169477088,256,24,6,16,0.0205985323129775,"Co_Occurence","NEB, XIRP2","6/40"
"198","MUC16","FLG",0.0140661064325406,2.76818441747409,230,26,11,35,0.0206744604540034,"Co_Occurence","FLG, MUC16","11/61"
"199","KRAS","FAT3",0.0141247913821751,3.52061069576717,250,19,7,26,0.0206744604540034,"Co_Occurence","FAT3, KRAS","7/45"
"200","LRP1B","FAT3",0.0141247913821751,3.52061069576717,250,19,7,26,0.0206744604540034,"Co_Occurence","FAT3, LRP1B","7/45"
"201","LRP1B","MUC17",0.0141247913821751,3.52061069576717,250,19,7,26,0.0206744604540034,"Co_Occurence","LRP1B, MUC17","7/45"
"202","MUC16","USH2A",0.0147521339294305,2.56212171015598,222,34,13,33,0.0214920366104757,"Co_Occurence","MUC16, USH2A","13/67"
"203","PRDM9","CSMD3",0.0153777978266885,3.47947135207436,248,31,7,16,0.0222995908159636,"Co_Occurence","CSMD3, PRDM9","7/47"
"204","ZFHX4","EGFR",0.0156640036129895,0.403081483062448,133,130,11,28,0.0226097049841073,"Mutually_Exclusive","EGFR, ZFHX4","11/158"
"205","TP53","MUC17",0.0163254048605888,2.80765384789471,186,11,15,90,0.0234560414663632,"Co_Occurence","MUC17, TP53","15/101"
"206","FLG","AHNAK2",0.0169631179953153,3.38458827418288,248,17,7,30,0.0242607522816295,"Co_Occurence","AHNAK2, FLG","7/47"
"207","NEB","PRDM9",0.0179740137888296,4.2474793685265,262,18,5,17,0.0255894273758964,"Co_Occurence","NEB, PRDM9","5/35"
"208","SPTA1","MUC17",0.0190476600820444,3.61982235245859,255,20,6,21,0.0269949831094733,"Co_Occurence","MUC17, SPTA1","6/41"
"209","AHNAK2","CSMD3",0.0196808097129612,3.26254435801833,247,31,7,17,0.0277663793918753,"Co_Occurence","AHNAK2, CSMD3","7/48"
"210","USH2A","LRP1B",0.0207244409072473,2.71461862877798,232,23,10,37,0.0291073608247856,"Co_Occurence","LRP1B, USH2A","10/60"
"211","LRP1B","CSMD3",0.0214432323944978,3.08772231592701,240,29,9,24,0.0299821482025977,"Co_Occurence","CSMD3, LRP1B","9/53"
"212","PRDM9","CSMD1",0.021784652699249,3.99831006075966,261,18,5,18,0.030323848412095,"Co_Occurence","CSMD1, PRDM9","5/36"
"213","PCLO","TP53",0.0227460659759201,2.53598111231172,184,89,16,13,0.0314366037624246,"Co_Occurence","PCLO, TP53","16/102"
"214","ZFHX4","LRP1B",0.0227852504070054,2.97302837538529,239,24,9,30,0.0314366037624246,"Co_Occurence","LRP1B, ZFHX4","9/54"
"215","EGFR","CSMD3",0.0232900958257878,0.421097461526041,134,27,11,130,0.0319918898705876,"Mutually_Exclusive","CSMD3, EGFR","11/157"
"216","SI","CSMD3",0.0247783825470588,3.07014878149578,246,31,7,18,0.0338872846650147,"Co_Occurence","CSMD3, SI","7/49"
"217","SPTA1","EGFR",0.0263950086319075,0.369418434311152,141,134,7,20,0.0359409158931202,"Mutually_Exclusive","EGFR, SPTA1","7/154"
"218","FAT3","PCLO",0.0270273608627604,3.28109908793625,253,23,6,20,0.0366423005189269,"Co_Occurence","FAT3, PCLO","6/43"
"219","SI","MUC4",0.0309429671843375,3.57361799286653,259,18,5,20,0.0415900096563676,"Co_Occurence","MUC4, SI","5/38"
"220","SI","ZNF536",0.0309429671843375,3.57361799286653,259,18,5,20,0.0415900096563676,"Co_Occurence","SI, ZNF536","5/38"
"221","LRP1B","XIRP2",0.0314172257916113,2.86590116109613,246,23,7,26,0.0420466083934842,"Co_Occurence","LRP1B, XIRP2","7/49"
"222","AHNAK2","KRAS",0.0339489849666681,3.08225811650706,251,27,6,18,0.0452411846570737,"Co_Occurence","AHNAK2, KRAS","6/45"
"223","NEB","SPTA1",0.0352980933209264,3.42783911102301,258,22,5,17,0.0468392958080234,"Co_Occurence","NEB, SPTA1","5/39"
"224","FAT3","EGFR",0.0401108879419693,0.391548285515601,142,134,7,19,0.0530006447436169,"Mutually_Exclusive","EGFR, FAT3","7/153"
"225","KRAS","SI",0.0411302861300132,2.90961554592368,250,19,6,27,0.054118797539491,"Co_Occurence","KRAS, SI","6/46"
"226","SPTA1","MUC4",0.0422893631336829,3.22638491137284,257,18,5,22,0.0554105911080751,"Co_Occurence","MUC4, SPTA1","5/40"
"227","CTNND2","AHNAK2",0.0431555602005508,3.20228062520973,257,19,5,21,0.0560753121109029,"Co_Occurence","AHNAK2, CTNND2","5/40"
"228","FAT3","AHNAK2",0.0431555602005508,3.20228062520973,257,19,5,21,0.0560753121109029,"Co_Occurence","AHNAK2, FAT3","5/40"
"229","RYR2","MUC16",0.0450409851582863,2.22150044332211,221,34,12,35,0.058282848289708,"Co_Occurence","MUC16, RYR2","12/69"
"230","KRAS","CSMD3",0.047493770135047,2.53916087555183,239,30,8,25,0.0612033120296997,"Co_Occurence","CSMD3, KRAS","8/55"
"231","MUC17","KRAS",0.0492319345543646,2.75399411797582,249,27,6,20,0.0631826675492359,"Co_Occurence","KRAS, MUC17","6/47"
"232","ZNF536","EGFR",0.0497341931306899,0.377590781850967,144,135,6,17,0.0634953559019962,"Mutually_Exclusive","EGFR, ZNF536","6/152"
"233","AHNAK2","ANK2",0.0500851367354945,3.04607729125104,256,22,5,19,0.0634953559019962,"Co_Occurence","AHNAK2, ANK2","5/41"
"234","AHNAK2","SPTA1",0.0500851367354945,3.04607729125104,256,22,5,19,0.0634953559019962,"Co_Occurence","AHNAK2, SPTA1","5/41"
"235","KRAS","TP53",0.0511113387819451,2.17931246470407,181,88,17,16,0.0645345186640722,"Co_Occurence","KRAS, TP53","17/104"
"236","EGFR","TTN",0.0518996605329375,0.563978880130972,118,43,24,117,0.0652661727023863,"Mutually_Exclusive","EGFR, TTN","24/160"
"237","ZNF536","MUC16",0.0620046633932518,2.68092268424764,240,39,7,16,0.0776611515446541,"Co_Occurence","MUC16, ZNF536","7/55"
"238","FLG","PCLO",0.0660171272903468,2.5667007126065,243,22,7,30,0.0823566957214906,"Co_Occurence","FLG, PCLO","7/52"
"239","ZNF536","NEB",0.0741307977318527,3.03607397509629,261,18,4,19,0.0921108321717852,"Co_Occurence","NEB, ZNF536","4/37"
"240","NEB","LRP1B",0.0767551640177219,2.63548234436058,252,28,5,17,0.0949940148734183,"Co_Occurence","LRP1B, NEB","5/45"
"241","TP53","SI",0.0781924790287744,2.17243362588017,185,12,13,92,0.0963911230630849,"Co_Occurence","SI, TP53","13/104"
"242","SI","MUC16",0.07905448485859,2.3646460540645,238,39,7,18,0.0970708311131999,"Co_Occurence","MUC16, SI","7/57"
"243","ZNF536","PRDM9",0.0851510387913482,2.866186136389,260,19,4,19,0.104147552337755,"Co_Occurence","PRDM9, ZNF536","4/38"
"244","MUC17","PCLO",0.0886170532883396,2.48986265798519,252,24,5,21,0.107964246208991,"Co_Occurence","MUC17, PCLO","5/45"
"245","MUC17","MUC16",0.0906310905696283,2.2314555859119,237,39,7,19,0.1099891875845,"Co_Occurence","MUC16, MUC17","7/58"
"246","CSMD1","ZFHX4",0.0957359059090708,2.61984263280929,246,33,6,17,0.115734895924892,"Co_Occurence","CSMD1, ZFHX4","6/50"
"247","CSMD1","AHNAK2",0.0969612612888003,2.71355311227351,259,20,4,19,0.116316292333014,"Co_Occurence","AHNAK2, CSMD1","4/39"
"248","MUC4","AHNAK2",0.0969612612888003,2.71355311227351,259,20,4,19,0.116316292333014,"Co_Occurence","AHNAK2, MUC4","4/39"
"249","MUC17","EGFR",0.102304435915688,0.478983129178076,143,133,8,18,0.122256735080889,"Mutually_Exclusive","EGFR, MUC17","8/151"
"250","SI","CSMD1",0.109536174451555,2.57525402772044,258,19,4,21,0.130400207680423,"Co_Occurence","CSMD1, SI","4/40"
"251","MUC4","CTNND2",0.122845690352403,2.44942160278051,257,22,4,19,0.145139048147924,"Co_Occurence","CTNND2, MUC4","4/41"
"252","ZNF536","FAT3",0.122845690352403,2.44942160278051,257,22,4,19,0.145139048147924,"Co_Occurence","FAT3, ZNF536","4/41"
"253","EGFR","XIRP2",0.12880257015956,0.53924262151405,141,20,10,131,0.151603778436393,"Mutually_Exclusive","EGFR, XIRP2","10/151"
"254","MUC16","KRAS",0.129324498327519,1.94022467835299,231,25,8,38,0.15164692580619,"Co_Occurence","KRAS, MUC16","8/63"
"255","PRDM9","MUC16",0.13618915968195,2.10243665239968,239,40,6,17,0.158691426705058,"Co_Occurence","MUC16, PRDM9","6/57"
"256","ANK2","MUC4",0.136855486390442,2.33435765771617,256,19,4,23,0.158691426705058,"Co_Occurence","ANK2, MUC4","4/42"
"257","SPTA1","ZNF536",0.136855486390442,2.33435765771617,256,19,4,23,0.158691426705058,"Co_Occurence","SPTA1, ZNF536","4/42"
"258","CSMD1","USH2A",0.144611722119691,2.04288640589528,238,41,6,17,0.167065298197425,"Co_Occurence","CSMD1, USH2A","6/58"
"259","MUC4","LRP1B",0.153057325576111,2.48008745309688,251,28,5,18,0.175524455935907,"Co_Occurence","LRP1B, MUC4","5/46"
"260","PRDM9","LRP1B",0.153057325576111,2.48008745309688,251,28,5,18,0.175524455935907,"Co_Occurence","LRP1B, PRDM9","5/46"
"261","FLG","EGFR",0.160111553034074,0.580781130962797,137,128,13,24,0.182718370241596,"Mutually_Exclusive","EGFR, FLG","13/152"
"262","AHNAK2","LRP1B",0.160499816420218,2.3409270956542,250,28,5,19,0.182718370241596,"Co_Occurence","AHNAK2, LRP1B","5/47"
"263","ANK2","EGFR",0.161615592245835,0.54273537927084,143,132,9,18,0.183320771603714,"Mutually_Exclusive","ANK2, EGFR","9/150"
"264","FLG","ZNF536",0.177915825429263,2.13727556371974,247,18,5,32,0.201080272863091,"Co_Occurence","FLG, ZNF536","5/50"
"265","CSMD3","MUC4",0.186436144875027,2.06450372091387,246,18,5,33,0.209134889942685,"Co_Occurence","CSMD3, MUC4","5/51"
"266","CSMD3","ZNF536",0.186436144875027,2.06450372091387,246,18,5,33,0.209134889942685,"Co_Occurence","CSMD3, ZNF536","5/51"
"267","TTN","MUC4",0.187719477212554,1.98352613891301,220,15,8,59,0.209134889942685,"Co_Occurence","MUC4, TTN","8/74"
"268","TTN","ZNF536",0.187719477212554,1.98352613891301,220,15,8,59,0.209134889942685,"Co_Occurence","TTN, ZNF536","8/74"
"269","KRAS","SPTA1",0.194412008067424,1.9991693126021,247,22,5,28,0.215821500962949,"Co_Occurence","KRAS, SPTA1","5/50"
"270","TTN","AHNAK2",0.199396402635204,1.85150041211996,219,16,8,59,0.220571241853102,"Co_Occurence","AHNAK2, TTN","8/75"
"271","AHNAK2","MUC16",0.229664944304006,1.97794674609714,238,40,6,18,0.253158007389777,"Co_Occurence","AHNAK2, MUC16","6/58"
"272","AHNAK2","RYR2",0.234415381121449,1.92189392716167,237,41,6,18,0.257486139193156,"Co_Occurence","AHNAK2, RYR2","6/59"
"273","TP53","USH2A",0.244997016410474,1.47953436063352,170,27,20,85,0.268166611657699,"Co_Occurence","TP53, USH2A","20/112"
"274","PCLO","MUC4",0.256106934340428,2.13203442182479,254,19,4,25,0.279348750371322,"Co_Occurence","MUC4, PCLO","4/44"
"275","XIRP2","CSMD1",0.264455318052007,2.04244135262439,253,19,4,26,0.286455067214046,"Co_Occurence","CSMD1, XIRP2","4/45"
"276","XIRP2","MUC4",0.264455318052007,2.04244135262439,253,19,4,26,0.286455067214046,"Co_Occurence","MUC4, XIRP2","4/45"
"277","AHNAK2","PCLO",0.267014457297313,2.01805799289972,253,25,4,20,0.288228041124042,"Co_Occurence","AHNAK2, PCLO","4/45"
"278","MUC4","EGFR",0.280318893896451,0.586476261210251,146,133,8,15,0.300513393971324,"Mutually_Exclusive","EGFR, MUC4","8/148"
"279","PRDM9","EGFR",0.280318893896451,0.586476261210251,146,133,8,15,0.300513393971324,"Mutually_Exclusive","EGFR, PRDM9","8/148"
"280","KRAS","PRDM9",0.295964776528331,1.81047988761893,250,19,4,29,0.31620168432514,"Co_Occurence","KRAS, PRDM9","4/48"
"281","TTN","CSMD1",0.306446990040754,1.59413170581206,219,16,7,60,0.326285125682234,"Co_Occurence","CSMD1, TTN","7/76"
"282","SPTA1","FLG",0.350332063556811,1.72218071691077,243,32,5,22,0.371744549614613,"Co_Occurence","FLG, SPTA1","5/54"
"283","CSMD1","TP53",0.369870356410102,1.48787763739033,184,95,10,13,0.391148854071597,"Co_Occurence","CSMD1, TP53","10/108"
"284","RYR2","MUC4",0.375077991089835,1.56481218147359,237,18,5,42,0.39531828740497,"Co_Occurence","MUC4, RYR2","5/60"
"285","ZNF536","MUC4",0.400251245369939,1.93713623390386,259,20,3,20,0.420431980430609,"Co_Occurence","MUC4, ZNF536","3/40"
"286","CSMD1","FAT3",0.432213897296832,1.66618322247223,256,23,3,20,0.450635959543452,"Co_Occurence","CSMD1, FAT3","3/43"
"287","MUC4","FAT3",0.432213897296832,1.66618322247223,256,23,3,20,0.450635959543452,"Co_Occurence","FAT3, MUC4","3/43"
"288","SI","AHNAK2",0.433331538696983,1.65900333689937,256,21,3,22,0.450635959543452,"Co_Occurence","AHNAK2, SI","3/43"
"289","MUC4","ZFHX4",0.515781790733799,1.46556946747955,244,35,4,19,0.53459970018014,"Co_Occurence","MUC4, ZFHX4","4/54"
"290","EGFR","TP53",0.544965694730534,1.1898924274824,108,53,52,89,0.562981089597659,"Co_Occurence","EGFR, TP53","52/142"
"291","NEB","MUC4",0.678743275780767,1.23240902576212,259,21,2,20,0.698870753481021,"Co_Occurence","MUC4, NEB","2/41"
"292","MUC4","MUC16",0.763048262379143,1.18722063078068,237,42,4,19,0.783095507367758,"Co_Occurence","MUC16, MUC4","4/61"
"293","USH2A","MUC4",0.76666648848628,1.15490960836617,236,19,4,43,0.784233314736375,"Co_Occurence","MUC4, USH2A","4/62"
"294","EGFR","MUC16",0.873977371697654,1.05509998280264,137,24,22,119,0.891086227261066,"Co_Occurence","EGFR, MUC16","22/143"
"295","FLG","MUC4",1,0.664736352676946,244,21,2,35,1,"Mutually_Exclusive","FLG, MUC4","2/56"
"296","MUC4","CSMD1",1,0.531878057533613,257,22,1,22,1,"Mutually_Exclusive","CSMD1, MUC4","1/44"
"297","KRAS","MUC4",1,0.762532092064806,248,21,2,31,1,"Mutually_Exclusive","KRAS, MUC4","2/52"
"298","AHNAK2","EGFR",1,0.963424664755939,148,130,11,13,1,"Mutually_Exclusive","AHNAK2, EGFR","11/143"
"299","MUC4","TP53",1,1.00068502187339,182,97,8,15,1,"Co_Occurence","MUC4, TP53","8/112"
"300","CSMD1","MUC17",1,1.01186574221662,255,24,2,21,1,"Co_Occurence","CSMD1, MUC17","2/45"
